num_genera	num_genomes	num_bins	num_mappable_bins	mean_completeness	mean_contamination	beta	dropout
10	250	37	12	32.51530001776985	0.34022415167114156	800	0.2
1	250	137	10	11.542032619758062	0.7142087438423645	800	0.2
1	25	197	15	15.335926712257953	1.412172751497453	800	0.2
5	50	92	15	45.27976193124592	4.159851546853754	800	0.2
10	25	264	28	9.701292759565717	0.16023738118328795	800	0.2
1	50	93	8	29.25974192367239	8.518169302079247	800	0.2
5	250	66	8	36.62004735165515	0.6501066912851312	800	0.2
5	25	177	14	32.55318904359137	1.9854347830999077	800	0.2
10	50	116	27	19.46300664862646	6.576717921898618	800	0.2
