num_genera	num_genomes	num_bins	num_mappable_bins	mean_completeness	mean_contamination	beta	dropout
10	250	56	22	36.460406685306964	0.32864712352729986	1600	0.2
1	250	145	16	28.408611018332817	1.0283111434781693	1600	0.2
1	25	219	18	19.085867866160672	1.4708968515149659	1600	0.2
5	50	141	33	40.30825118409656	3.312063944129062	1600	0.2
10	25	305	37	10.376798526729393	0.19442781992462915	1600	0.2
1	50	124	14	27.76877195425852	7.23415128931412	1600	0.2
5	250	78	13	38.62267898006097	0.715051418097953	1600	0.2
5	25	208	24	38.55200982890435	2.0225092637774713	1600	0.2
10	50	183	47	20.5792431443953	7.36284820575506	1600	0.2
