num_genera	num_genomes	num_bins	num_mappable_bins	mean_completeness	mean_contamination	beta	dropout
10	250	51	19	35.1058223685984	0.31455943231542594	200	0.2
1	250	142	14	24.12219624810939	0.8708779617800554	200	0.2
1	25	212	17	19.19436719297337	1.5574201957217284	200	0.2
5	50	131	28	40.9426185502149	3.201515133479098	200	0.2
10	25	295	33	9.634854525991038	0.13595899009491097	200	0.2
1	50	116	12	24.4931774246095	6.167655756714364	200	0.2
5	250	75	11	44.84703611579163	0.8308116930328332	200	0.2
5	25	201	20	38.90964897225504	1.933879894040123	200	0.2
10	50	175	39	19.486343431500373	6.59438481372053	200	0.2
